model,Accuracy,Precision,Recall,F1 score,Balanced Accuracy,Loss,Train time,Test time,Predictions
ConvNet,0.1674641148325359,0.028044229756644768,0.1674641148325359,0.04804298376343242,0.16666666666666666,2.6388178893498013,0,6.57881498336792,[3 3 3 3 3 3 3 3 3 3 3 3 3 3 3 3 3 3 3 3 3 3 3 3 3 3 3 3 3 3 3 3 3 3 3 3 3 3 3 3 3 3 3 3 3 3 3 3 3 3 3 3 3 3 3 3 3 3 3 3 3 3 3 3 3 3 3 3 3 3 3 3 3 3 3 3 3 3 3 3 3 3 3 3 3 3 3 3 3 3 3 3 3 3 3 3 3 3 3 3 3 3 3 3 3 3 3 3 3 3 3 3 3 3 3 3 3 3 3 3 3 3 3 3 3 3 3 3 3 3 3 3 3 3 3 3 3 3 3 3 3 3 3 3 3 3 3 3 3 3 3 3 3 3 3 3 3 3 3 3 3 3 3 3 3 3 3 3 3 3 3 3 3 3 3 3 3 3 3 3 3 3 3 3 3 3 3 3 3 3 3 3 3 3 3 3 3 3 3 3 3 3 3 3 3 3 3 3 3]
ConvNet,0.1674641148325359,0.028044229756644768,0.1674641148325359,0.04804298376343242,0.16666666666666666,0.12214874383359671,169.1998987197876,9.469242095947266,[5 5 5 5 5 5 5 5 5 5 5 5 5 5 5 5 5 5 5 5 5 5 5 5 5 5 5 5 5 5 5 5 5 5 5 5 5 5 5 5 5 5 5 5 5 5 5 5 5 5 5 5 5 5 5 5 5 5 5 5 5 5 5 5 5 5 5 5 5 5 5 5 5 5 5 5 5 5 5 5 5 5 5 5 5 5 5 5 5 5 5 5 5 5 5 5 5 5 5 5 5 5 5 5 5 5 5 5 5 5 5 5 5 5 5 5 5 5 5 5 5 5 5 5 5 5 5 5 5 5 5 5 5 5 5 5 5 5 5 5 5 5 5 5 5 5 5 5 5 5 5 5 5 5 5 5 5 5 5 5 5 5 5 5 5 5 5 5 5 5 5 5 5 5 5 5 5 5 5 5 5 5 5 5 5 5 5 5 5 5 5 5 5 5 5 5 5 5 5 5 5 5 5 5 5 5 5 5 5]
ConvNet,0.8660287081339713,0.8809868020394337,0.8660287081339713,0.8646537414676158,0.8662464985994398,1.8503377096993583,169.1998987197876,8.51612639427185,[1 4 1 3 3 4 4 0 4 0 4 4 4 0 1 3 1 0 1 4 1 1 0 4 0 0 5 4 0 4 5 4 4 1 1 4 0 4 5 5 5 2 0 1 0 0 5 1 1 2 4 2 0 5 5 5 3 1 1 1 4 0 2 0 3 0 4 1 5 5 2 4 5 0 5 0 0 3 4 4 1 3 2 0 5 5 5 4 5 1 4 3 3 4 4 0 1 0 5 5 2 0 3 3 1 4 5 4 1 0 5 3 4 3 5 2 2 5 5 5 3 4 3 1 3 2 3 2 5 1 2 1 0 1 2 4 5 1 4 0 3 2 1 4 1 3 5 0 5 2 1 0 5 1 2 4 5 0 0 0 3 5 4 3 3 5 3 0 2 3 5 4 0 1 0 0 3 0 4 0 4 0 5 4 4 2 2 0 0 1 1 0 0 2 0 1 2 2 3 3 5 0 2 3 2 3 5 3 0]
[1, 4, 1, 3, 3, 4, 3, 5, 4, 0, 4, 4, 4, 0, 1, 3, 1, 3, 1, 4, 1, 1, 5, 2, 0, 2, 5, 4, 5, 4, 5, 4, 3, 1, 1, 4, 0, 4, 5, 5, 5, 2, 0, 1, 0, 5, 5, 1, 1, 2, 4, 2, 0, 5, 5, 2, 3, 1, 1, 1, 4, 0, 2, 0, 3, 0, 4, 1, 5, 2, 2, 2, 5, 0, 5, 0, 2, 3, 4, 4, 1, 3, 2, 0, 5, 2, 2, 4, 5, 1, 4, 3, 3, 3, 4, 0, 1, 0, 5, 5, 2, 5, 3, 3, 1, 4, 5, 4, 1, 0, 5, 4, 3, 3, 5, 2, 2, 5, 2, 5, 3, 4, 3, 1, 3, 2, 3, 2, 5, 1, 2, 1, 0, 1, 2, 4, 1, 1, 4, 0, 4, 2, 1, 4, 1, 4, 5, 0, 2, 2, 1, 0, 5, 1, 2, 3, 5, 0, 0, 0, 3, 5, 3, 3, 3, 5, 3, 0, 2, 3, 5, 4, 0, 1, 2, 0, 3, 0, 4, 0, 4, 0, 5, 4, 4, 2, 2, 0, 0, 1, 1, 0, 0, 2, 0, 1, 2, 2, 3, 3, 5, 3, 2, 3, 2, 3, 5, 3, 0]
